[{"pk": 8, "model": "photo.photo", "fields": {"src": "uploads/photos/2011-08/carousel2.png", "name": "arst", "uploader": 1}}, {"pk": 9, "model": "photo.photo", "fields": {"src": "uploads/photos/2011-08/carousel2_1.png", "name": "arst", "uploader": 1}}, {"pk": 7, "model": "photo.photo", "fields": {"src": "uploads/photos/2011-08/carousel1.jpg", "name": "dance", "uploader": 1}}, {"pk": 10, "model": "photo.photo", "fields": {"src": "uploads/photos/2011-08/dance-logo.jpeg", "name": "suchu", "uploader": 1}}, {"pk": 4, "model": "content.copy", "fields": {"body": "<p>\r\n\t<span style=\"color:#b9d110;\">Betwixt Independent Arts Collaborative is a collision of art and community</span></p>\r\n", "page": "Home", "context": "home-title"}}, {"pk": 5, "model": "content.copy", "fields": {"body": "<p>\r\n\tA hub for creative expression where artists and art lovers converge to passionately engage each other around some of houston&#39;s most innovative performances and exhibitions. Betwixt&#39;s home in midtown will be an architecturally stunning&nbsp;building that is open and accessible to all and as inspiring as the art it envelopes. The community will play a direct and&nbsp;integral part in establishing betwixt as a dynamic multi-purpose arts center that fosters the creation, dissemination, under-standing, appreciation and enjoyment of visual and performing arts in a wide range of disciplines and styles.&nbsp;</p>\r\n", "page": "Home", "context": "home-description"}}, {"pk": 7, "model": "content.copy", "fields": {"body": "<p>\r\n\tLorem ipsum dolor sit amet, consectetur adipiscing elit. Sed rutrum ligula at velit sagittis suscipit. Nulla facilisis, orci sit amet feugiat&nbsp;facilisis, erat purus venenatis elit, vitae vulputate nisl mauris nec dolor. Integer at ligula nec arcu rutrum imperdiet. Suspendisse non&nbsp;lacus non sem eleifend suscipit facilisis tempus nisi. Aliquam in risus at quam hendrerit pharetra. Cras dui nunc, ullamcorper ut mo-lestie vel, bibendum vitae ipsum. Aliquam egestas nunc sit amet tellus viverra non sodales metus vulputate. Curabiturilla nisi.&nbsp;</p>\r\n", "page": "About", "context": "about-top"}}, {"pk": 8, "model": "content.copy", "fields": {"body": "<p>\r\n\tIf you or an an arts organization that you are part of would like to be involveh, please let us know.</p>\r\n", "page": "About", "context": "about-contact-message"}}, {"pk": 9, "model": "content.copy", "fields": {"body": "<p>\r\n\tLorem ipsum dolor sit amet, consectetur adipiscing elit. Sed rutrum ligula at velit sagittis suscipit. Nulla facilisis, orci sit amet feugiat&nbsp;facilisis, erat purus venenatis elit, vitae vulputate nisl mauris nec dolor. Integer at ligula nec arcu rutrum imperdiet. Suspendisse non&nbsp;lacus non sem eleifend suscipit facilisis tempus nisi. Aliquam in risus at quam hendrerit pharetra. Cras dui nunc, ullamcorper ut mo-lestie vel, bibendum vitae ipsum. Aliquam egestas nunc sit amet tellus viverra non sodales metus vulputate. Curabiturilla nisi.&nbsp;</p>\r\n", "page": "Support", "context": "support-top"}}, {"pk": 10, "model": "content.copy", "fields": {"body": "<p>\r\n\t<span style=\"color:#76AFE3;\">PLEASE JOIN US AND SUPPORT </span><span style=\"color:#b9d110;\">IAC</span><span style=\"color:#76AFE3;\"> TODAY</span></p>\r\n", "page": "Support", "context": "support-form-header"}}, {"pk": 11, "model": "content.copy", "fields": {"body": "<p>\r\n\tBetwixt Independent Arts Collaborative is located at <span style=\"color:#b9d110;\">3400 Main</span> Street in te heart of Midtown Houston.</p>\r\n", "page": "Location", "context": "location-top"}}, {"pk": 6, "model": "content.designimage", "fields": {"src": "uploads/designphotos/project-advisors.png", "name": "", "alt_text": "", "credit_url": "", "credit": "", "context": "project-advisors"}}, {"pk": 8, "model": "content.designimage", "fields": {"src": "uploads/designphotos/contact-us_1.png", "name": "", "alt_text": "", "credit_url": "", "credit": "", "context": "contact-us"}}, {"pk": 3, "model": "content.designimage", "fields": {"src": "uploads/designphotos/iac-logo_2.png", "name": "", "alt_text": "", "credit_url": "", "credit": "", "context": "iac-logo"}}, {"pk": 4, "model": "content.designimage", "fields": {"src": "uploads/designphotos/carousel-header.png", "name": "", "alt_text": "", "credit_url": "", "credit": "", "context": "carousel-header"}}, {"pk": 5, "model": "content.designimage", "fields": {"src": "uploads/designphotos/directors.png", "name": "", "alt_text": "", "credit_url": "", "credit": "", "context": "directors"}}, {"pk": 7, "model": "content.designimage", "fields": {"src": "uploads/designphotos/advisory-board.png", "name": "", "alt_text": "", "credit_url": "", "credit": "", "context": "advisory-board"}}, {"pk": 9, "model": "content.designimage", "fields": {"src": "uploads/designphotos/organizations.png", "name": "", "alt_text": "", "credit_url": "", "credit": "", "context": "organizations"}}, {"pk": 10, "model": "content.designimage", "fields": {"src": "uploads/designphotos/defaultphoto_11.png", "name": null, "alt_text": null, "credit_url": null, "credit": null, "context": "map"}}, {"pk": 2, "model": "content.designimage", "fields": {"src": "uploads/designphotos/defaultphoto_3.png", "name": null, "alt_text": null, "credit_url": null, "credit": null, "context": "branding"}}, {"pk": 1, "model": "content.designimage", "fields": {"src": "uploads/designphotos/defaultphoto_2.png", "name": null, "alt_text": null, "credit_url": null, "credit": null, "context": "arst"}}, {"pk": 1, "model": "content.itemlist", "fields": {"columns": 2, "name": "Board of Directors", "context": "directors"}}, {"pk": 2, "model": "content.itemlist", "fields": {"columns": 1, "name": "Advisory Board", "context": "advisory-board"}}, {"pk": 3, "model": "content.itemlist", "fields": {"columns": 1, "name": "Project Advisors", "context": "project-advisors"}}, {"pk": 4, "model": "content.itemlist", "fields": {"columns": 3, "name": "Participating Arts Organizations", "context": "organizations"}}, {"pk": 7, "model": "content.itemlist", "fields": {"columns": 5, "name": "Logo Doners", "context": "major-doners"}}, {"pk": 6, "model": "content.itemlist", "fields": {"columns": 5, "name": "All Doners", "context": "minor-doners"}}, {"pk": 10, "model": "content.itemlist", "fields": {"columns": 1, "name": "Map List", "context": "map-locations"}}, {"pk": 1, "model": "content.listitem", "fields": {"description": "", "url": "", "itemlist": 1, "logo": "", "order": 0, "name": "Adam Adams"}}, {"pk": 76, "model": "content.listitem", "fields": {"description": "266,331,348,429", "url": "/", "itemlist": 10, "logo": "", "order": 0, "name": "ensemble theater"}}, {"pk": 42, "model": "content.listitem", "fields": {"description": "", "url": "", "itemlist": 6, "logo": "", "order": 0, "name": "Firstname Lastname"}}, {"pk": 44, "model": "content.listitem", "fields": {"description": "", "url": "", "itemlist": 6, "logo": "", "order": 0, "name": "Firstname Lastname"}}, {"pk": 43, "model": "content.listitem", "fields": {"description": "", "url": "", "itemlist": 6, "logo": "", "order": 0, "name": "Firstname Lastname"}}, {"pk": 41, "model": "content.listitem", "fields": {"description": "", "url": "", "itemlist": 6, "logo": "", "order": 0, "name": "Firstname Lastname"}}, {"pk": 65, "model": "content.listitem", "fields": {"description": "", "url": "", "itemlist": 6, "logo": "", "order": 0, "name": "Firstname Lastname"}}, {"pk": 64, "model": "content.listitem", "fields": {"description": "", "url": "", "itemlist": 6, "logo": "", "order": 0, "name": "Firstname Lastname"}}, {"pk": 63, "model": "content.listitem", "fields": {"description": "", "url": "", "itemlist": 6, "logo": "", "order": 0, "name": "Firstname Lastname"}}, {"pk": 62, "model": "content.listitem", "fields": {"description": "", "url": "", "itemlist": 6, "logo": "", "order": 0, "name": "Firstname Lastname"}}, {"pk": 61, "model": "content.listitem", "fields": {"description": "", "url": "", "itemlist": 6, "logo": "", "order": 0, "name": "Firstname Lastname"}}, {"pk": 60, "model": "content.listitem", "fields": {"description": "", "url": "", "itemlist": 6, "logo": "", "order": 0, "name": "Firstname Lastname"}}, {"pk": 59, "model": "content.listitem", "fields": {"description": "", "url": "", "itemlist": 6, "logo": "", "order": 0, "name": "Firstname Lastname"}}, {"pk": 58, "model": "content.listitem", "fields": {"description": "", "url": "", "itemlist": 6, "logo": "", "order": 0, "name": "Firstname Lastname"}}, {"pk": 57, "model": "content.listitem", "fields": {"description": "", "url": "", "itemlist": 6, "logo": "", "order": 0, "name": "Firstname Lastname"}}, {"pk": 56, "model": "content.listitem", "fields": {"description": "", "url": "", "itemlist": 6, "logo": "", "order": 0, "name": "Firstname Lastname"}}, {"pk": 55, "model": "content.listitem", "fields": {"description": "", "url": "", "itemlist": 6, "logo": "", "order": 0, "name": "Firstname Lastname"}}, {"pk": 54, "model": "content.listitem", "fields": {"description": "", "url": "", "itemlist": 6, "logo": "", "order": 0, "name": "Firstname Lastname"}}, {"pk": 53, "model": "content.listitem", "fields": {"description": "", "url": "", "itemlist": 6, "logo": "", "order": 0, "name": "Firstname Lastname"}}, {"pk": 52, "model": "content.listitem", "fields": {"description": "", "url": "", "itemlist": 6, "logo": "", "order": 0, "name": "Firstname Lastname"}}, {"pk": 51, "model": "content.listitem", "fields": {"description": "", "url": "", "itemlist": 6, "logo": "", "order": 0, "name": "Firstname Lastname"}}, {"pk": 50, "model": "content.listitem", "fields": {"description": "", "url": "", "itemlist": 6, "logo": "", "order": 0, "name": "Firstname Lastname"}}, {"pk": 49, "model": "content.listitem", "fields": {"description": "", "url": "", "itemlist": 6, "logo": "", "order": 0, "name": "Firstname Lastname"}}, {"pk": 48, "model": "content.listitem", "fields": {"description": "", "url": "", "itemlist": 6, "logo": "", "order": 0, "name": "Firstname Lastname"}}, {"pk": 47, "model": "content.listitem", "fields": {"description": "", "url": "", "itemlist": 6, "logo": "", "order": 0, "name": "Firstname Lastname"}}, {"pk": 46, "model": "content.listitem", "fields": {"description": "", "url": "", "itemlist": 6, "logo": "", "order": 0, "name": "Firstname Lastname"}}, {"pk": 45, "model": "content.listitem", "fields": {"description": "", "url": "", "itemlist": 6, "logo": "", "order": 0, "name": "Firstname Lastname"}}, {"pk": 68, "model": "content.listitem", "fields": {"description": "389,37,541,151", "url": "/", "itemlist": 10, "logo": "", "order": 0, "name": "high fashion home"}}, {"pk": 70, "model": "content.listitem", "fields": {"description": "456,156,606,264", "url": "/", "itemlist": 10, "logo": "", "order": 0, "name": "houston community college"}}, {"pk": 18, "model": "content.listitem", "fields": {"description": "", "url": "", "itemlist": 3, "logo": "", "order": 0, "name": "Jewett Consulting"}}, {"pk": 75, "model": "content.listitem", "fields": {"description": "80,606,192,736", "url": "/", "itemlist": 10, "logo": "", "order": 0, "name": "julia's bistro"}}, {"pk": 80, "model": "content.listitem", "fields": {"description": "397,452,520,485", "url": "/", "itemlist": 10, "logo": "", "order": 0, "name": "light rail stop"}}, {"pk": 72, "model": "content.listitem", "fields": {"description": "276,242,341,332", "url": "/", "itemlist": 10, "logo": "", "order": 0, "name": "mai's"}}, {"pk": 17, "model": "content.listitem", "fields": {"description": "", "url": "", "itemlist": 2, "logo": "", "order": 0, "name": "Minnette Boesel, Mayor's Assistant for Cultural Affairs, City of Houston"}}, {"pk": 37, "model": "content.listitem", "fields": {"description": "", "url": "", "itemlist": 4, "logo": "", "order": 0, "name": "Name of Arts Organization"}}, {"pk": 24, "model": "content.listitem", "fields": {"description": "", "url": "", "itemlist": 4, "logo": "", "order": 0, "name": "Name of Arts Organization"}}, {"pk": 23, "model": "content.listitem", "fields": {"description": "", "url": "", "itemlist": 4, "logo": "uploads/logos/2011-08/carousel2_1.png", "order": 0, "name": "Name of Arts Organization"}}, {"pk": 35, "model": "content.listitem", "fields": {"description": "", "url": "", "itemlist": 4, "logo": "", "order": 0, "name": "Name of Arts Organization"}}, {"pk": 33, "model": "content.listitem", "fields": {"description": "", "url": "", "itemlist": 4, "logo": "", "order": 0, "name": "Name of Arts Organization"}}, {"pk": 32, "model": "content.listitem", "fields": {"description": "", "url": "", "itemlist": 4, "logo": "", "order": 0, "name": "Name of Arts Organization"}}, {"pk": 31, "model": "content.listitem", "fields": {"description": "", "url": "", "itemlist": 4, "logo": "", "order": 0, "name": "Name of Arts Organization"}}, {"pk": 30, "model": "content.listitem", "fields": {"description": "", "url": "", "itemlist": 4, "logo": "", "order": 0, "name": "Name of Arts Organization"}}, {"pk": 29, "model": "content.listitem", "fields": {"description": "", "url": "", "itemlist": 4, "logo": "", "order": 0, "name": "Name of Arts Organization"}}, {"pk": 28, "model": "content.listitem", "fields": {"description": "", "url": "", "itemlist": 4, "logo": "", "order": 0, "name": "Name of Arts Organization"}}, {"pk": 27, "model": "content.listitem", "fields": {"description": "", "url": "", "itemlist": 4, "logo": "", "order": 0, "name": "Name of Arts Organization"}}, {"pk": 26, "model": "content.listitem", "fields": {"description": "", "url": "", "itemlist": 4, "logo": "", "order": 0, "name": "Name of Arts Organization"}}, {"pk": 25, "model": "content.listitem", "fields": {"description": "", "url": "", "itemlist": 4, "logo": "", "order": 0, "name": "Name of Arts Organization"}}, {"pk": 34, "model": "content.listitem", "fields": {"description": "", "url": "", "itemlist": 4, "logo": "", "order": 0, "name": "Name of Arts Organization"}}, {"pk": 36, "model": "content.listitem", "fields": {"description": "", "url": "", "itemlist": 4, "logo": "", "order": 0, "name": "Name of Arts Organization"}}, {"pk": 40, "model": "content.listitem", "fields": {"description": "", "url": "http://www.google.com", "itemlist": 7, "logo": "uploads/logos/2011-08/logo_1.png", "order": 0, "name": "NAME OF ARTS ORGANIZATION"}}, {"pk": 39, "model": "content.listitem", "fields": {"description": "", "url": "http://www.google.com", "itemlist": 7, "logo": "uploads/logos/2011-08/logo-2_1.png", "order": 0, "name": "NAME OF ARTS ORGANIZATION"}}, {"pk": 38, "model": "content.listitem", "fields": {"description": "", "url": "http://www.google.com", "itemlist": 7, "logo": "uploads/logos/2011-08/logo-3_1.png", "order": 0, "name": "NAME OF ARTS ORGANIZATION"}}, {"pk": 77, "model": "content.listitem", "fields": {"description": "457,333,552,416", "url": "/", "itemlist": 10, "logo": "", "order": 0, "name": "natachee's"}}, {"pk": 71, "model": "content.listitem", "fields": {"description": "664,203,798,360", "url": "/", "itemlist": 10, "logo": "", "order": 0, "name": "noveau antique art bar"}}, {"pk": 78, "model": "content.listitem", "fields": {"description": "275,434,374,543", "url": "/", "itemlist": 10, "logo": "", "order": 0, "name": "sigs lagoon"}}, {"pk": 69, "model": "content.listitem", "fields": {"description": "187,170,276,255", "url": "/", "itemlist": 10, "logo": "", "order": 0, "name": "sushi raku"}}, {"pk": 82, "model": "content.listitem", "fields": {"description": "475,523,575,640", "url": "/", "itemlist": 10, "logo": "", "order": 0, "name": "tacos a gogo"}}, {"pk": 73, "model": "content.listitem", "fields": {"description": "27,288,164,448", "url": "/", "itemlist": 10, "logo": "", "order": 0, "name": "t'afia"}}, {"pk": 74, "model": "content.listitem", "fields": {"description": "0,496,136,588", "url": "/", "itemlist": 10, "logo": "", "order": 0, "name": "the breakfast club"}}, {"pk": 83, "model": "content.listitem", "fields": {"description": "328,619,482,776", "url": "/", "itemlist": 10, "logo": "", "order": 0, "name": "the continental club"}}, {"pk": 81, "model": "content.listitem", "fields": {"description": "552,403,652,528", "url": "/", "itemlist": 10, "logo": "", "order": 0, "name": "the mink"}}, {"pk": 67, "model": "content.listitem", "fields": {"description": "164,0,268,138", "url": "/", "itemlist": 10, "logo": "", "order": 0, "name": "the mix"}}, {"pk": 79, "model": "content.listitem", "fields": {"description": "133,445,228,552", "url": "/", "itemlist": 10, "logo": "", "order": 0, "name": "unnamed"}}, {"pk": 66, "model": "content.listitem", "fields": {"description": "568,0,713,94", "url": "/", "itemlist": 10, "logo": "", "order": 0, "name": "yoga one studio"}}, {"pk": 2, "model": "content.listitem", "fields": {"description": "", "url": "", "itemlist": 1, "logo": "", "order": 1, "name": "Diane Barber"}}, {"pk": 16, "model": "content.listitem", "fields": {"description": "", "url": "", "itemlist": 2, "logo": "", "order": 1, "name": "Karen Farber, Director, Mitchell Center for the Arts, University of Houston"}}, {"pk": 19, "model": "content.listitem", "fields": {"description": "", "url": "", "itemlist": 3, "logo": "", "order": 1, "name": "Sterling Associates"}}, {"pk": 15, "model": "content.listitem", "fields": {"description": "", "url": "", "itemlist": 2, "logo": "", "order": 2, "name": "Fran Macferran, Hobby Foundation"}}, {"pk": 20, "model": "content.listitem", "fields": {"description": "", "url": "", "itemlist": 3, "logo": "", "order": 2, "name": "Mouth Watering Media"}}, {"pk": 3, "model": "content.listitem", "fields": {"description": "", "url": "", "itemlist": 1, "logo": "", "order": 2, "name": "Sanford Criner"}}, {"pk": 13, "model": "content.listitem", "fields": {"description": "", "url": "", "itemlist": 2, "logo": "", "order": 3, "name": "Barry Mandel, President and Park Director, Discovery Green"}}, {"pk": 21, "model": "content.listitem", "fields": {"description": "", "url": "", "itemlist": 3, "logo": "", "order": 3, "name": "Denham Wolf Real Estate Services, Inc."}}, {"pk": 4, "model": "content.listitem", "fields": {"description": "", "url": "", "itemlist": 1, "logo": "", "order": 3, "name": "Leslie Elkins"}}, {"pk": 5, "model": "content.listitem", "fields": {"description": "", "url": "", "itemlist": 1, "logo": "", "order": 4, "name": "Brent Friedman"}}, {"pk": 12, "model": "content.listitem", "fields": {"description": "", "url": "", "itemlist": 2, "logo": "", "order": 4, "name": "Jackie Martin, consultant"}}, {"pk": 22, "model": "content.listitem", "fields": {"description": "", "url": "", "itemlist": 3, "logo": "", "order": 4, "name": "Webb Management Services, Inc."}}, {"pk": 11, "model": "content.listitem", "fields": {"description": "", "url": "", "itemlist": 2, "logo": "", "order": 5, "name": "Margaret Vaughan Robinson, Consultant"}}, {"pk": 6, "model": "content.listitem", "fields": {"description": "", "url": "", "itemlist": 1, "logo": "", "order": 5, "name": "Megan Murray"}}, {"pk": 7, "model": "content.listitem", "fields": {"description": "", "url": "", "itemlist": 1, "logo": "", "order": 6, "name": "Adrian Patterson"}}, {"pk": 14, "model": "content.listitem", "fields": {"description": "", "url": "", "itemlist": 2, "logo": "", "order": 6, "name": "Jose Solis, Gensler"}}, {"pk": 8, "model": "content.listitem", "fields": {"description": "", "url": "", "itemlist": 1, "logo": "", "order": 7, "name": "Elisa Stude Pye"}}, {"pk": 9, "model": "content.listitem", "fields": {"description": "", "url": "", "itemlist": 1, "logo": "", "order": 8, "name": "Louie Saletan"}}, {"pk": 10, "model": "content.listitem", "fields": {"description": "", "url": "", "itemlist": 1, "logo": "", "order": 9, "name": "Emily Todd"}}, {"pk": 1, "model": "asset.digitalasset", "fields": {"description": "This is about dancin'", "video_url": "", "url": null, "image": 7, "kicker": "dance", "logo": 10, "order": 0}}]